Issue key,Version,Priority
HIVE-22412,2.0.0,Major
HIVE-22196,2.0.0,Major
HIVE-21157,2.0.0,Minor
HIVE-21033,2.0.0,Major
HIVE-20345,2.0.0,Major
HIVE-18742,2.0.0,Major
HIVE-18735,2.0.0,Major
HIVE-18624,2.0.0,Major
HIVE-18250,2.0.0,Major
HIVE-18090,2.0.0,Major
HIVE-17368,2.0.0,Major
HIVE-17126,2.0.0,Major
HIVE-16769,2.0.0,Major
HIVE-16654,2.0.0,Major
HIVE-16507,2.0.0,Major
HIVE-16450,2.0.0,Major
HIVE-16385,2.0.0,Major
HIVE-15769,2.0.0,Major
HIVE-15766,2.0.0,Major
HIVE-15756,2.0.0,Critical
HIVE-15752,2.0.0,Major
HIVE-15517,2.0.0,Major
HIVE-15329,2.0.0,Major
HIVE-15311,2.0.0,Major
HIVE-15297,2.0.0,Major
HIVE-15247,2.0.0,Major
HIVE-15234,2.0.0,Major
HIVE-15160,2.0.0,Major
HIVE-15110,2.0.0,Major
HIVE-15096,2.0.0,Major
HIVE-15054,2.0.0,Major
HIVE-14742,2.0.0,Major
HIVE-14620,2.0.0,Major
HIVE-14393,2.0.0,Major
HIVE-14367,2.0.0,Major
HIVE-14342,2.0.0,Major
HIVE-14324,2.0.0,Critical
HIVE-14322,2.0.0,Major
HIVE-14296,2.0.0,Major
HIVE-14251,2.0.0,Major
HIVE-14241,2.0.0,Critical
HIVE-14236,2.0.0,Major
HIVE-14229,2.0.0,Major
HIVE-14210,2.0.0,Major
HIVE-14153,2.0.0,Major
HIVE-14133,2.0.0,Major
HIVE-14132,2.0.0,Major
HIVE-14038,2.0.0,Major
HIVE-14015,2.0.0,Major
HIVE-14006,2.0.0,Major
HIVE-13989,2.0.0,Major
HIVE-13932,2.0.0,Major
HIVE-13858,2.0.0,Blocker
HIVE-13844,2.0.0,Minor
HIVE-13837,2.0.0,Major
HIVE-13833,2.0.0,Minor
HIVE-13829,2.0.0,Major
HIVE-13813,2.0.0,Major
HIVE-13809,2.0.0,Major
HIVE-13768,2.0.0,Major
HIVE-13756,2.0.0,Major
HIVE-13754,2.0.0,Major
HIVE-13725,2.0.0,Critical
HIVE-13704,2.0.0,Critical
HIVE-13699,2.0.0,Minor
HIVE-13693,2.0.0,Major
HIVE-13676,2.0.0,Major
HIVE-13619,2.0.0,Major
HIVE-13618,2.0.0,Major
HIVE-13608,2.0.0,Major
HIVE-13602,2.0.0,Major
HIVE-13570,2.0.0,Major
HIVE-13561,2.0.0,Major
HIVE-13553,2.0.0,Minor
HIVE-13542,2.0.0,Major
HIVE-13523,2.0.0,Major
HIVE-13512,2.0.0,Minor
HIVE-13463,2.0.0,Major
HIVE-13456,2.0.0,Major
HIVE-13452,2.0.0,Major
HIVE-13440,2.0.0,Major
HIVE-13439,2.0.0,Major
HIVE-13428,2.0.0,Blocker
HIVE-13423,2.0.0,Major
HIVE-13410,2.0.0,Major
HIVE-13408,2.0.0,Major
HIVE-13405,2.0.0,Major
HIVE-13395,2.0.0,Blocker
HIVE-13394,2.0.0,Major
HIVE-13390,2.0.0,Major
HIVE-13383,2.0.0,Major
HIVE-13381,2.0.0,Major
HIVE-13373,2.0.0,Major
HIVE-13361,2.0.0,Critical
HIVE-13335,2.0.0,Major
HIVE-13333,2.0.0,Major
HIVE-13330,2.0.0,Critical
HIVE-13326,2.0.0,Major
HIVE-13320,2.0.0,Major
HIVE-13300,2.0.0,Major
HIVE-13299,2.0.0,Major
HIVE-13293,2.0.0,Major
HIVE-13286,2.0.0,Critical
HIVE-13285,2.0.0,Critical
HIVE-13280,2.0.0,Major
HIVE-13261,2.0.0,Major
HIVE-13260,2.0.0,Major
HIVE-13240,2.0.0,Major
HIVE-13236,2.0.0,Major
HIVE-13235,2.0.0,Major
HIVE-13225,2.0.0,Major
HIVE-13217,2.0.0,Minor
HIVE-13216,2.0.0,Minor
HIVE-13201,2.0.0,Major
HIVE-13200,2.0.0,Major
HIVE-13191,2.0.0,Major
HIVE-13186,2.0.0,Major
HIVE-13175,2.0.0,Major
HIVE-13174,2.0.0,Major
HIVE-13169,2.0.0,Major
HIVE-13163,2.0.0,Major
HIVE-13159,2.0.0,Major
HIVE-13151,2.0.0,Major
HIVE-13144,2.0.0,Major
HIVE-13141,2.0.0,Minor
HIVE-13134,2.0.0,Major
HIVE-13126,2.0.0,Major
HIVE-13108,2.0.0,Major
HIVE-13105,2.0.0,Critical
HIVE-13101,2.0.0,Minor
HIVE-13096,2.0.0,Major
HIVE-13094,2.0.0,Major
HIVE-13083,2.0.0,Major
HIVE-13082,2.0.0,Major
HIVE-13071,2.0.0,Major
HIVE-13065,2.0.0,Major
HIVE-13062,2.0.0,Major
HIVE-13042,2.0.0,Major
HIVE-13039,2.0.0,Major
HIVE-13036,2.0.0,Major
HIVE-13032,2.0.0,Blocker
HIVE-13024,2.0.0,Blocker
HIVE-13023,2.0.0,Blocker
HIVE-12999,2.0.0,Major
HIVE-12996,2.0.0,Major
HIVE-12993,2.0.0,Major
HIVE-12992,2.0.0,Major
HIVE-12981,2.0.0,Critical
HIVE-12964,2.0.0,Major
HIVE-12947,2.0.0,Critical
HIVE-12945,2.0.0,Critical
HIVE-12937,2.0.0,Major
HIVE-12933,2.0.0,Major
HIVE-12931,2.0.0,Major
HIVE-12927,2.0.0,Critical
HIVE-12926,2.0.0,Critical
HIVE-12911,2.0.0,Blocker
HIVE-12909,2.0.0,Major
HIVE-12905,2.0.0,Blocker
HIVE-12904,2.0.0,Critical
HIVE-12896,2.0.0,Major
HIVE-12893,2.0.0,Major
HIVE-12879,2.0.0,Major
HIVE-12864,2.0.0,Major
HIVE-12826,2.0.0,Major
HIVE-12824,2.0.0,Major
HIVE-12820,2.0.0,Major
HIVE-12815,2.0.0,Major
HIVE-12809,2.0.0,Major
HIVE-12808,2.0.0,Major
HIVE-12800,2.0.0,Major
HIVE-12797,2.0.0,Critical
HIVE-12786,2.0.0,Major
HIVE-12784,2.0.0,Major
HIVE-12768,2.0.0,Blocker
HIVE-12767,2.0.0,Major
HIVE-12766,2.0.0,Major
HIVE-12762,2.0.0,Major
HIVE-12758,2.0.0,Major
HIVE-12743,2.0.0,Major
HIVE-12741,2.0.0,Major
HIVE-12740,2.0.0,Critical
HIVE-12735,2.0.0,Major
HIVE-12734,2.0.0,Major
HIVE-12728,2.0.0,Critical
HIVE-12726,2.0.0,Major
HIVE-12725,2.0.0,Major
HIVE-12724,2.0.0,Blocker
HIVE-12712,2.0.0,Major
HIVE-12708,2.0.0,Major
HIVE-12698,2.0.0,Major
HIVE-12694,2.0.0,Major
HIVE-12688,2.0.0,Blocker
HIVE-12687,2.0.0,Major
HIVE-12685,2.0.0,Major
HIVE-12684,2.0.0,Major
HIVE-12662,2.0.0,Major
HIVE-12657,2.0.0,Major
HIVE-12643,2.0.0,Major
HIVE-12639,2.0.0,Major
HIVE-12633,2.0.0,Major
HIVE-12609,2.0.0,Major
HIVE-12603,2.0.0,Major
HIVE-12601,2.0.0,Major
HIVE-12599,2.0.0,Major
HIVE-12596,2.0.0,Major
HIVE-12590,2.0.0,Critical
HIVE-12584,2.0.0,Critical
HIVE-12578,2.0.0,Major
HIVE-12577,2.0.0,Critical
HIVE-12572,2.0.0,Critical
HIVE-12569,2.0.0,Major
HIVE-12542,2.0.0,Major
HIVE-12537,2.0.0,Critical
HIVE-12532,2.0.0,Critical
HIVE-12510,2.0.0,Major
HIVE-12509,2.0.0,Major
HIVE-12508,2.0.0,Major
HIVE-12503,2.0.0,Major
HIVE-12500,2.0.0,Major
HIVE-12498,2.0.0,Major
HIVE-12491,2.0.0,Major
HIVE-12490,2.0.0,Major
HIVE-12487,2.0.0,Critical
HIVE-12479,2.0.0,Critical
HIVE-12478,2.0.0,Major
HIVE-12477,2.0.0,Major
HIVE-12473,2.0.0,Blocker
HIVE-12472,2.0.0,Major
HIVE-12465,2.0.0,Blocker
HIVE-12463,2.0.0,Major
HIVE-12462,2.0.0,Blocker
HIVE-12456,2.0.0,Major
HIVE-12453,2.0.0,Major
HIVE-12452,2.0.0,Major
HIVE-12451,2.0.0,Major
HIVE-12450,2.0.0,Critical
HIVE-12445,2.0.0,Major
HIVE-12435,2.0.0,Critical
HIVE-12407,2.0.0,Major
HIVE-12405,2.0.0,Major
HIVE-12404,2.0.0,Major
HIVE-12399,2.0.0,Critical
HIVE-12396,2.0.0,Major
HIVE-12394,2.0.0,Major
HIVE-12393,2.0.0,Major
HIVE-12391,2.0.0,Major
HIVE-12385,2.0.0,Major
HIVE-12378,2.0.0,Major
HIVE-12364,2.0.0,Critical
HIVE-12363,2.0.0,Major
HIVE-12349,2.0.0,Major
HIVE-12344,2.0.0,Major
HIVE-12332,2.0.0,Major
HIVE-12330,2.0.0,Major
HIVE-12315,2.0.0,Critical
HIVE-12304,2.0.0,Major
HIVE-12302,2.0.0,Major
HIVE-12281,2.0.0,Minor
HIVE-12264,2.0.0,Major
HIVE-12261,2.0.0,Major
HIVE-12260,2.0.0,Major
HIVE-12257,2.0.0,Major
HIVE-12246,2.0.0,Major
HIVE-12238,2.0.0,Major
HIVE-12234,2.0.0,Minor
HIVE-12223,2.0.0,Major
HIVE-12215,2.0.0,Major
HIVE-12210,2.0.0,Major
HIVE-12208,2.0.0,Major
HIVE-12207,2.0.0,Major
HIVE-12204,2.0.0,Major
HIVE-12198,2.0.0,Major
HIVE-12189,2.0.0,Major
HIVE-12171,2.0.0,Major
HIVE-12166,2.0.0,Major
HIVE-12090,2.0.0,Major
HIVE-12068,2.0.0,Major
HIVE-12058,2.0.0,Major
HIVE-12039,2.0.0,Major
HIVE-12021,2.0.0,Major
HIVE-12008,2.0.0,Major
HIVE-11980,2.0.0,Major
HIVE-11975,2.0.0,Minor
HIVE-11966,2.0.0,Major
HIVE-11954,2.0.0,Major
HIVE-11945,2.0.0,Major
HIVE-11932,2.0.0,Major
HIVE-11928,2.0.0,Major
HIVE-11922,2.0.0,Trivial
HIVE-11889,2.0.0,Major
HIVE-11875,2.0.0,Major
HIVE-11863,2.0.0,Major
HIVE-11860,2.0.0,Major
HIVE-11847,2.0.0,Major
HIVE-11843,2.0.0,Major
HIVE-11842,2.0.0,Major
HIVE-11841,2.0.0,Major
HIVE-11838,2.0.0,Major
HIVE-11835,2.0.0,Major
HIVE-11832,2.0.0,Major
HIVE-11826,2.0.0,Major
HIVE-11824,2.0.0,Major
HIVE-11821,2.0.0,Major
HIVE-11820,2.0.0,Major
HIVE-11813,2.0.0,Major
HIVE-11801,2.0.0,Major
HIVE-11795,2.0.0,Major
HIVE-11792,2.0.0,Major
HIVE-11781,2.0.0,Major
HIVE-11761,2.0.0,Major
HIVE-11751,2.0.0,Major
HIVE-11745,2.0.0,Major
HIVE-11726,2.0.0,Major
HIVE-11723,2.0.0,Major
HIVE-11721,2.0.0,Major
HIVE-11710,2.0.0,Major
HIVE-11705,2.0.0,Major
HIVE-11698,2.0.0,Major
HIVE-11696,2.0.0,Major
HIVE-11669,2.0.0,Major
HIVE-11658,2.0.0,Major
HIVE-11652,2.0.0,Major
HIVE-11604,2.0.0,Major
HIVE-11602,2.0.0,Major
HIVE-11596,2.0.0,Minor
HIVE-11594,2.0.0,Major
HIVE-11592,2.0.0,Major
HIVE-11590,2.0.0,Major
HIVE-11581,2.0.0,Major
HIVE-11578,2.0.0,Major
HIVE-11573,2.0.0,Major
HIVE-11556,2.0.0,Major
HIVE-11546,2.0.0,Major
HIVE-11541,2.0.0,Major
HIVE-11511,2.0.0,Major
HIVE-11498,2.0.0,Major
HIVE-11497,2.0.0,Major
HIVE-11493,2.0.0,Blocker
HIVE-11476,2.0.0,Minor
HIVE-11472,2.0.0,Minor
HIVE-11468,2.0.0,Critical
HIVE-11462,2.0.0,Major
HIVE-11452,2.0.0,Critical
HIVE-11451,2.0.0,Critical
HIVE-11446,2.0.0,Major
HIVE-11434,2.0.0,Major
HIVE-11433,2.0.0,Major
HIVE-11430,2.0.0,Major
HIVE-11428,2.0.0,Major
HIVE-11425,2.0.0,Major
HIVE-11423,2.0.0,Blocker
HIVE-11413,2.0.0,Trivial
HIVE-11406,2.0.0,Major
HIVE-11397,2.0.0,Major
HIVE-11375,2.0.0,Major
HIVE-11332,2.0.0,Major
HIVE-11312,2.0.0,Blocker
HIVE-11303,2.0.0,Major
HIVE-11293,2.0.0,Minor
HIVE-11284,2.0.0,Major
HIVE-11258,2.0.0,Major
HIVE-11255,2.0.0,Major
HIVE-11237,2.0.0,Major
HIVE-11230,2.0.0,Minor
HIVE-11229,2.0.0,Major
HIVE-11228,2.0.0,Major
HIVE-11221,2.0.0,Major
HIVE-11215,2.0.0,Minor
HIVE-11202,2.0.0,Major
HIVE-11198,2.0.0,Major
HIVE-11194,2.0.0,Major
HIVE-11165,2.0.0,Major
HIVE-11157,2.0.0,Major
HIVE-11135,2.0.0,Major
HIVE-11122,2.0.0,Major
HIVE-11120,2.0.0,Major
HIVE-11118,2.0.0,Major
HIVE-11102,2.0.0,Major
HIVE-11058,2.0.0,Major
HIVE-11051,2.0.0,Critical
HIVE-11043,2.0.0,Major
HIVE-11038,2.0.0,Blocker
HIVE-11035,2.0.0,Major
HIVE-11031,2.0.0,Critical
HIVE-11023,2.0.0,Critical
HIVE-11021,2.0.0,Major
HIVE-10996,2.0.0,Critical
HIVE-10974,2.0.0,Major
HIVE-10972,2.0.0,Major
HIVE-10707,2.0.0,Trivial
HIVE-10651,2.0.0,Minor
HIVE-10233,2.0.0,Major
HIVE-10021,2.0.0,Major
HIVE-9499,2.0.0,Major
HIVE-7428,2.0.0,Major
HIVE-4413,2.0.0,Major
HIVE-4243,2.0.0,Major
HIVE-1863,2.0.0,Major
HIVE-16554,2.0.1,Major
HIVE-16239,2.0.1,Major
HIVE-16107,2.0.1,Major
HIVE-15105,2.0.1,Major
HIVE-15096,2.0.1,Major
HIVE-15090,2.0.1,Major
HIVE-14903,2.0.1,Minor
HIVE-14829,2.0.1,Major
HIVE-14820,2.0.1,Major
HIVE-14805,2.0.1,Major
HIVE-14566,2.0.1,Critical
HIVE-14433,2.0.1,Major
HIVE-14322,2.0.1,Major
HIVE-14223,2.0.1,Major
HIVE-14164,2.0.1,Major
HIVE-14153,2.0.1,Major
HIVE-14074,2.0.1,Major
HIVE-14049,2.0.1,Major
HIVE-14032,2.0.1,Major
HIVE-14019,2.0.1,Major
HIVE-13987,2.0.1,Minor
HIVE-13904,2.0.1,Major
HIVE-13883,2.0.1,Minor
HIVE-13621,2.0.1,Major
HIVE-13494,2.0.1,Major
HIVE-13264,2.0.1,Major
HIVE-13197,2.0.1,Major
HIVE-13134,2.0.1,Major
HIVE-13108,2.0.1,Major
HIVE-22207,2.1.0,Major
HIVE-22165,2.1.0,Major
HIVE-22054,2.1.0,Major
HIVE-21009,2.1.0,Major
HIVE-20628,2.1.0,Major
HIVE-20080,2.1.0,Major
HIVE-19860,2.1.0,Major
HIVE-19743,2.1.0,Major
HIVE-19250,2.1.0,Minor
HIVE-19231,2.1.0,Major
HIVE-19230,2.1.0,Minor
HIVE-18572,2.1.0,Major
HIVE-18459,2.1.0,Major
HIVE-18250,2.1.0,Major
HIVE-17829,2.1.0,Critical
HIVE-17664,2.1.0,Major
HIVE-17659,2.1.0,Major
HIVE-17460,2.1.0,Major
HIVE-17429,2.1.0,Major
HIVE-17368,2.1.0,Major
HIVE-17279,2.1.0,Major
HIVE-16421,2.1.0,Major
HIVE-16385,2.1.0,Major
HIVE-16287,2.1.0,Minor
HIVE-16274,2.1.0,Major
HIVE-16163,2.1.0,Major
HIVE-15995,2.1.0,Major
HIVE-15903,2.1.0,Major
HIVE-15902,2.1.0,Major
HIVE-15862,2.1.0,Major
HIVE-15769,2.1.0,Major
HIVE-15752,2.1.0,Major
HIVE-15646,2.1.0,Major
HIVE-15552,2.1.0,Critical
HIVE-15531,2.1.0,Minor
HIVE-15517,2.1.0,Major
HIVE-15498,2.1.0,Major
HIVE-15443,2.1.0,Major
HIVE-15402,2.1.0,Major
HIVE-15355,2.1.0,Major
HIVE-15329,2.1.0,Major
HIVE-15311,2.1.0,Major
HIVE-15308,2.1.0,Major
HIVE-15297,2.1.0,Major
HIVE-15295,2.1.0,Minor
HIVE-15291,2.1.0,Major
HIVE-15285,2.1.0,Major
HIVE-15267,2.1.0,Major
HIVE-15257,2.1.0,Major
HIVE-15247,2.1.0,Major
HIVE-15239,2.1.0,Major
HIVE-15237,2.1.0,Major
HIVE-15234,2.1.0,Major
HIVE-15190,2.1.0,Critical
HIVE-15181,2.1.0,Critical
HIVE-15175,2.1.0,Major
HIVE-15160,2.1.0,Major
HIVE-15158,2.1.0,Major
HIVE-15155,2.1.0,Minor
HIVE-15123,2.1.0,Major
HIVE-15110,2.1.0,Major
HIVE-15099,2.1.0,Major
HIVE-15096,2.1.0,Major
HIVE-15090,2.1.0,Major
HIVE-15070,2.1.0,Major
HIVE-15050,2.1.0,Major
HIVE-15035,2.1.0,Blocker
HIVE-15030,2.1.0,Major
HIVE-15029,2.1.0,Major
HIVE-14982,2.1.0,Major
HIVE-14980,2.1.0,Critical
HIVE-14966,2.1.0,Major
HIVE-14960,2.1.0,Minor
HIVE-14959,2.1.0,Major
HIVE-14924,2.1.0,Major
HIVE-14873,2.1.0,Major
HIVE-14839,2.1.0,Minor
HIVE-14829,2.1.0,Major
HIVE-14819,2.1.0,Major
HIVE-14814,2.1.0,Major
HIVE-14798,2.1.0,Major
HIVE-14792,2.1.0,Major
HIVE-14779,2.1.0,Minor
HIVE-14773,2.1.0,Major
HIVE-14726,2.1.0,Major
HIVE-14706,2.1.0,Critical
HIVE-14698,2.1.0,Major
HIVE-14697,2.1.0,Major
HIVE-14690,2.1.0,Major
HIVE-14686,2.1.0,Major
HIVE-14678,2.1.0,Trivial
HIVE-14674,2.1.0,Critical
HIVE-14652,2.1.0,Blocker
HIVE-14620,2.1.0,Major
HIVE-14619,2.1.0,Critical
HIVE-14617,2.1.0,Major
HIVE-14591,2.1.0,Major
HIVE-14566,2.1.0,Critical
HIVE-14564,2.1.0,Critical
HIVE-14563,2.1.0,Major
HIVE-14557,2.1.0,Major
HIVE-14530,2.1.0,Major
HIVE-14529,2.1.0,Major
HIVE-14483,2.1.0,Critical
HIVE-14481,2.1.0,Major
HIVE-14463,2.1.0,Major
HIVE-14424,2.1.0,Major
HIVE-14416,2.1.0,Major
HIVE-14402,2.1.0,Major
HIVE-14397,2.1.0,Critical
HIVE-14394,2.1.0,Major
HIVE-14393,2.1.0,Major
HIVE-14381,2.1.0,Major
HIVE-14367,2.1.0,Major
HIVE-14355,2.1.0,Critical
HIVE-14339,2.1.0,Major
HIVE-14338,2.1.0,Major
HIVE-14333,2.1.0,Critical
HIVE-14330,2.1.0,Critical
HIVE-14326,2.1.0,Critical
HIVE-14324,2.1.0,Critical
HIVE-14322,2.1.0,Major
HIVE-14310,2.1.0,Critical
HIVE-14308,2.1.0,Major
HIVE-14307,2.1.0,Major
HIVE-14295,2.1.0,Minor
HIVE-14294,2.1.0,Major
HIVE-14293,2.1.0,Major
HIVE-14292,2.1.0,Major
HIVE-14274,2.1.0,Major
HIVE-14258,2.1.0,Major
HIVE-14254,2.1.0,Minor
HIVE-14244,2.1.0,Major
HIVE-14236,2.1.0,Major
HIVE-14234,2.1.0,Minor
HIVE-14210,2.1.0,Major
HIVE-14197,2.1.0,Major
HIVE-14192,2.1.0,Major
HIVE-14184,2.1.0,Major
HIVE-14178,2.1.0,Major
HIVE-14176,2.1.0,Major
HIVE-14175,2.1.0,Major
HIVE-14174,2.1.0,Major
HIVE-14164,2.1.0,Major
HIVE-14153,2.1.0,Major
HIVE-14150,2.1.0,Critical
HIVE-14149,2.1.0,Major
HIVE-14144,2.1.0,Major
HIVE-14141,2.1.0,Minor
HIVE-14133,2.1.0,Major
HIVE-14132,2.1.0,Major
HIVE-14126,2.1.0,Major
HIVE-14122,2.1.0,Critical
HIVE-14121,2.1.0,Critical
HIVE-14115,2.1.0,Minor
HIVE-14098,2.1.0,Major
HIVE-14090,2.1.0,Major
HIVE-14073,2.1.0,Major
HIVE-14062,2.1.0,Major
HIVE-14060,2.1.0,Major
HIVE-14059,2.1.0,Minor
HIVE-14053,2.1.0,Minor
HIVE-14010,2.1.0,Major
HIVE-14004,2.1.0,Major
HIVE-14003,2.1.0,Major
HIVE-13997,2.1.0,Major
HIVE-13974,2.1.0,Blocker
HIVE-13973,2.1.0,Major
HIVE-13972,2.1.0,Blocker
HIVE-13961,2.1.0,Blocker
HIVE-13955,2.1.0,Blocker
HIVE-13945,2.1.0,Critical
HIVE-13934,2.1.0,Major
HIVE-13929,2.1.0,Blocker
HIVE-13928,2.1.0,Critical
HIVE-13927,2.1.0,Major
HIVE-13924,2.1.0,Critical
HIVE-13914,2.1.0,Major
HIVE-13912,2.1.0,Blocker
HIVE-13911,2.1.0,Major
HIVE-13904,2.1.0,Major
HIVE-13889,2.1.0,Trivial
HIVE-13887,2.1.0,Major
HIVE-13882,2.1.0,Major
HIVE-13878,2.1.0,Major
HIVE-13876,2.1.0,Critical
HIVE-13872,2.1.0,Major
HIVE-13871,2.1.0,Major
HIVE-13867,2.1.0,Blocker
HIVE-13863,2.1.0,Major
HIVE-13861,2.1.0,Major
HIVE-13859,2.1.0,Major
HIVE-13856,2.1.0,Blocker
HIVE-13849,2.1.0,Critical
HIVE-13845,2.1.0,Minor
HIVE-13841,2.1.0,Major
HIVE-13840,2.1.0,Critical
HIVE-13834,2.1.0,Major
HIVE-13833,2.1.0,Minor
HIVE-13832,2.1.0,Major
HIVE-13831,2.1.0,Major
HIVE-13821,2.1.0,Critical
HIVE-13818,2.1.0,Critical
HIVE-13809,2.1.0,Major
HIVE-13784,2.1.0,Blocker
HIVE-13779,2.1.0,Major
HIVE-13777,2.1.0,Major
HIVE-13767,2.1.0,Major
HIVE-13753,2.1.0,Major
HIVE-13751,2.1.0,Major
HIVE-13743,2.1.0,Major
HIVE-13730,2.1.0,Blocker
HIVE-13728,2.1.0,Major
HIVE-13720,2.1.0,Major
HIVE-13719,2.1.0,Major
HIVE-13712,2.1.0,Major
HIVE-13705,2.1.0,Major
HIVE-13702,2.1.0,Major
HIVE-13701,2.1.0,Major
HIVE-13700,2.1.0,Major
HIVE-13693,2.1.0,Major
HIVE-13686,2.1.0,Major
HIVE-13683,2.1.0,Major
HIVE-13671,2.1.0,Major
HIVE-13645,2.1.0,Minor
HIVE-13628,2.1.0,Major
HIVE-13622,2.1.0,Critical
HIVE-13621,2.1.0,Major
HIVE-13619,2.1.0,Major
HIVE-13600,2.1.0,Major
HIVE-13599,2.1.0,Critical
HIVE-13572,2.1.0,Major
HIVE-13563,2.1.0,Major
HIVE-13533,2.1.0,Major
HIVE-13510,2.1.0,Critical
HIVE-13494,2.1.0,Major
HIVE-13488,2.1.0,Major
HIVE-13487,2.1.0,Major
HIVE-13485,2.1.0,Major
HIVE-13458,2.1.0,Major
HIVE-13452,2.1.0,Major
HIVE-13438,2.1.0,Major
HIVE-13434,2.1.0,Major
HIVE-13396,2.1.0,Major
HIVE-13388,2.1.0,Major
HIVE-13383,2.1.0,Major
HIVE-13361,2.1.0,Critical
HIVE-13343,2.1.0,Major
HIVE-13342,2.1.0,Major
HIVE-13330,2.1.0,Critical
HIVE-13327,2.1.0,Major
HIVE-13325,2.1.0,Major
HIVE-13320,2.1.0,Major
HIVE-13291,2.1.0,Major
HIVE-13287,2.1.0,Major
HIVE-13285,2.1.0,Critical
HIVE-13284,2.1.0,Major
HIVE-13269,2.1.0,Major
HIVE-13267,2.1.0,Major
HIVE-13262,2.1.0,Major
HIVE-13258,2.1.0,Major
HIVE-13256,2.1.0,Major
HIVE-13255,2.1.0,Major
HIVE-13251,2.1.0,Major
HIVE-13246,2.1.0,Trivial
HIVE-13245,2.1.0,Major
HIVE-13242,2.1.0,Major
HIVE-13233,2.1.0,Major
HIVE-13227,2.1.0,Major
HIVE-13225,2.1.0,Major
HIVE-13223,2.1.0,Major
HIVE-13210,2.1.0,Major
HIVE-13209,2.1.0,Major
HIVE-13199,2.1.0,Major
HIVE-13197,2.1.0,Major
HIVE-13191,2.1.0,Major
HIVE-13190,2.1.0,Major
HIVE-13185,2.1.0,Major
HIVE-13163,2.1.0,Major
HIVE-13153,2.1.0,Major
HIVE-13135,2.1.0,Major
HIVE-13134,2.1.0,Major
HIVE-13128,2.1.0,Critical
HIVE-13119,2.1.0,Critical
HIVE-13110,2.1.0,Major
HIVE-13109,2.1.0,Major
HIVE-13100,2.1.0,Major
HIVE-13096,2.1.0,Major
HIVE-13094,2.1.0,Major
HIVE-13089,2.1.0,Major
HIVE-13087,2.1.0,Major
HIVE-13086,2.1.0,Major
HIVE-13083,2.1.0,Major
HIVE-13079,2.1.0,Major
HIVE-13077,2.1.0,Major
HIVE-13070,2.1.0,Major
HIVE-13062,2.1.0,Major
HIVE-13042,2.1.0,Major
HIVE-13036,2.1.0,Major
HIVE-13032,2.1.0,Blocker
HIVE-13016,2.1.0,Major
HIVE-13015,2.1.0,Major
HIVE-12999,2.1.0,Major
HIVE-12995,2.1.0,Major
HIVE-12993,2.1.0,Major
HIVE-12990,2.1.0,Major
HIVE-12980,2.1.0,Minor
HIVE-12964,2.1.0,Major
HIVE-12937,2.1.0,Major
HIVE-12933,2.1.0,Major
HIVE-12911,2.1.0,Blocker
HIVE-12881,2.1.0,Major
HIVE-12879,2.1.0,Major
HIVE-12864,2.1.0,Major
HIVE-12846,2.1.0,Critical
HIVE-12837,2.1.0,Major
HIVE-12826,2.1.0,Major
HIVE-12820,2.1.0,Major
HIVE-12812,2.1.0,Major
HIVE-12809,2.1.0,Major
HIVE-12800,2.1.0,Major
HIVE-12792,2.1.0,Blocker
HIVE-12762,2.1.0,Major
HIVE-12758,2.1.0,Major
HIVE-12757,2.1.0,Major
HIVE-12752,2.1.0,Minor
HIVE-12743,2.1.0,Major
HIVE-12741,2.1.0,Major
HIVE-12735,2.1.0,Major
HIVE-12728,2.1.0,Critical
HIVE-12712,2.1.0,Major
HIVE-12694,2.1.0,Major
HIVE-12687,2.1.0,Major
HIVE-12685,2.1.0,Major
HIVE-12684,2.1.0,Major
HIVE-12662,2.1.0,Major
HIVE-12656,2.1.0,Major
HIVE-12644,2.1.0,Major
HIVE-12639,2.1.0,Major
HIVE-12635,2.1.0,Major
HIVE-12633,2.1.0,Major
HIVE-12614,2.1.0,Minor
HIVE-12609,2.1.0,Major
HIVE-12584,2.1.0,Critical
HIVE-12478,2.1.0,Major
HIVE-12165,2.1.0,Critical
HIVE-7239,2.1.0,Major
HIVE-25968,2.1.1,Major
HIVE-25262,2.1.1,Minor
HIVE-23489,2.1.1,Major
HIVE-22664,2.1.1,Major
HIVE-22601,2.1.1,Major
HIVE-21185,2.1.1,Major
HIVE-21111,2.1.1,Major
HIVE-21081,2.1.1,Minor
HIVE-21009,2.1.1,Major
HIVE-20843,2.1.1,Major
HIVE-20756,2.1.1,Major
HIVE-20331,2.1.1,Major
HIVE-20172,2.1.1,Major
HIVE-19388,2.1.1,Major
HIVE-19202,2.1.1,Critical
HIVE-19101,2.1.1,Major
HIVE-18859,2.1.1,Major
HIVE-18829,2.1.1,Major
HIVE-18421,2.1.1,Major
HIVE-18390,2.1.1,Major
HIVE-18293,2.1.1,Critical
HIVE-18234,2.1.1,Major
HIVE-17942,2.1.1,Major
HIVE-17832,2.1.1,Major
HIVE-17764,2.1.1,Major
HIVE-17679,2.1.1,Major
HIVE-17664,2.1.1,Major
HIVE-17659,2.1.1,Major
HIVE-17624,2.1.1,Major
HIVE-17619,2.1.1,Major
HIVE-17501,2.1.1,Major
HIVE-17469,2.1.1,Major
HIVE-17352,2.1.1,Major
HIVE-17309,2.1.1,Major
HIVE-17272,2.1.1,Major
HIVE-17189,2.1.1,Major
HIVE-17148,2.1.1,Major
HIVE-17098,2.1.1,Critical
HIVE-17063,2.1.1,Major
HIVE-17002,2.1.1,Major
HIVE-16983,2.1.1,Major
HIVE-16910,2.1.1,Minor
HIVE-16907,2.1.1,Major
HIVE-16877,2.1.1,Major
HIVE-16872,2.1.1,Major
HIVE-16845,2.1.1,Major
HIVE-16828,2.1.1,Major
HIVE-16826,2.1.1,Minor
HIVE-16821,2.1.1,Minor
HIVE-16801,2.1.1,Major
HIVE-16768,2.1.1,Major
HIVE-16683,2.1.1,Major
HIVE-16554,2.1.1,Major
HIVE-16539,2.1.1,Major
HIVE-16533,2.1.1,Major
HIVE-16480,2.1.1,Major
HIVE-16413,2.1.1,Major
HIVE-16335,2.1.1,Major
HIVE-16239,2.1.1,Major
HIVE-16155,2.1.1,Minor
HIVE-16141,2.1.1,Major
HIVE-16113,2.1.1,Major
HIVE-16107,2.1.1,Major
HIVE-16106,2.1.1,Major
HIVE-16100,2.1.1,Major
HIVE-16074,2.1.1,Major
HIVE-16061,2.1.1,Major
HIVE-15922,2.1.1,Major
HIVE-15903,2.1.1,Major
HIVE-15874,2.1.1,Major
HIVE-15867,2.1.1,Major
HIVE-15859,2.1.1,Major
HIVE-15822,2.1.1,Major
HIVE-15820,2.1.1,Major
HIVE-15811,2.1.1,Major
HIVE-15778,2.1.1,Major
HIVE-15767,2.1.1,Major
HIVE-15766,2.1.1,Major
HIVE-15752,2.1.1,Major
HIVE-15746,2.1.1,Trivial
HIVE-15679,2.1.1,Trivial
HIVE-15585,2.1.1,Major
HIVE-15386,2.1.1,Major
HIVE-15306,2.1.1,Major
HIVE-15137,2.1.1,Major
HIVE-14884,2.1.1,Major
HIVE-14865,2.1.1,Major
HIVE-14766,2.1.1,Major
HIVE-14706,2.1.1,Critical
HIVE-14634,2.1.1,Major
HIVE-14447,2.1.1,Major
HIVE-14446,2.1.1,Major
HIVE-14433,2.1.1,Major
HIVE-14420,2.1.1,Major
HIVE-14414,2.1.1,Major
HIVE-14357,2.1.1,Major
HIVE-14350,2.1.1,Critical
HIVE-14348,2.1.1,Blocker
HIVE-14346,2.1.1,Major
HIVE-14311,2.1.1,Major
HIVE-14253,2.1.1,Major
HIVE-14223,2.1.1,Major
HIVE-24569,2.2.0,Major
HIVE-22601,2.2.0,Major
HIVE-22247,2.2.0,Major
HIVE-21009,2.2.0,Major
HIVE-20303,2.2.0,Major
HIVE-19948,2.2.0,Major
HIVE-19388,2.2.0,Major
HIVE-19247,2.2.0,Major
HIVE-19101,2.2.0,Major
HIVE-18421,2.2.0,Major
HIVE-18250,2.2.0,Major
HIVE-18017,2.2.0,Major
HIVE-17803,2.2.0,Major
HIVE-17791,2.2.0,Major
HIVE-17770,2.2.0,Minor
HIVE-17664,2.2.0,Major
HIVE-17659,2.2.0,Major
HIVE-17621,2.2.0,Major
HIVE-17620,2.2.0,Major
HIVE-17576,2.2.0,Major
HIVE-17574,2.2.0,Major
HIVE-17501,2.2.0,Major
HIVE-17472,2.2.0,Major
HIVE-17460,2.2.0,Major
HIVE-17429,2.2.0,Major
HIVE-17391,2.2.0,Major
HIVE-17368,2.2.0,Major
HIVE-17352,2.2.0,Major
HIVE-17309,2.2.0,Major
HIVE-17275,2.2.0,Major
HIVE-17240,2.2.0,Major
HIVE-17233,2.2.0,Major
HIVE-17218,2.2.0,Major
HIVE-17188,2.2.0,Major
HIVE-17181,2.2.0,Major
HIVE-17085,2.2.0,Major
HIVE-17063,2.2.0,Major
HIVE-16958,2.2.0,Major
HIVE-16832,2.2.0,Critical
HIVE-16828,2.2.0,Major
HIVE-16683,2.2.0,Major
HIVE-16577,2.2.0,Blocker
HIVE-16507,2.2.0,Major
HIVE-16480,2.2.0,Major
HIVE-16465,2.2.0,Critical
HIVE-16404,2.2.0,Major
HIVE-16347,2.2.0,Minor
HIVE-16335,2.2.0,Major
HIVE-16333,2.2.0,Minor
HIVE-16329,2.2.0,Major
HIVE-16299,2.2.0,Minor
HIVE-16282,2.2.0,Major
HIVE-16254,2.2.0,Major
HIVE-16219,2.2.0,Major
HIVE-16208,2.2.0,Minor
HIVE-16193,2.2.0,Major
HIVE-16190,2.2.0,Major
HIVE-16187,2.2.0,Major
HIVE-16180,2.2.0,Critical
HIVE-16174,2.2.0,Minor
HIVE-16165,2.2.0,Blocker
HIVE-16150,2.2.0,Major
HIVE-16141,2.2.0,Major
HIVE-16117,2.2.0,Major
HIVE-16113,2.2.0,Major
HIVE-16109,2.2.0,Major
HIVE-16103,2.2.0,Major
HIVE-16102,2.2.0,Critical
HIVE-16101,2.2.0,Minor
HIVE-16100,2.2.0,Major
HIVE-16094,2.2.0,Critical
HIVE-16087,2.2.0,Trivial
HIVE-16072,2.2.0,Major
HIVE-16070,2.2.0,Major
HIVE-16057,2.2.0,Major
HIVE-16054,2.2.0,Major
HIVE-16050,2.2.0,Major
HIVE-16043,2.2.0,Major
HIVE-16034,2.2.0,Major
HIVE-16033,2.2.0,Major
HIVE-16028,2.2.0,Major
HIVE-16024,2.2.0,Major
HIVE-16023,2.2.0,Major
HIVE-16013,2.2.0,Major
HIVE-16007,2.2.0,Major
HIVE-15999,2.2.0,Major
HIVE-15994,2.2.0,Major
HIVE-15992,2.2.0,Minor
HIVE-15990,2.2.0,Critical
HIVE-15971,2.2.0,Major
HIVE-15960,2.2.0,Major
HIVE-15958,2.2.0,Major
HIVE-15956,2.2.0,Major
HIVE-15951,2.2.0,Critical
HIVE-15934,2.2.0,Major
HIVE-15924,2.2.0,Major
HIVE-15914,2.2.0,Major
HIVE-15906,2.2.0,Critical
HIVE-15900,2.2.0,Major
HIVE-15891,2.2.0,Major
HIVE-15886,2.2.0,Major
HIVE-15877,2.2.0,Major
HIVE-15863,2.2.0,Major
HIVE-15855,2.2.0,Major
HIVE-15850,2.2.0,Critical
HIVE-15849,2.2.0,Major
HIVE-15847,2.2.0,Major
HIVE-15827,2.2.0,Critical
HIVE-15809,2.2.0,Trivial
HIVE-15807,2.2.0,Major
HIVE-15806,2.2.0,Major
HIVE-15804,2.2.0,Major
HIVE-15782,2.2.0,Major
HIVE-15760,2.2.0,Critical
HIVE-15754,2.2.0,Critical
HIVE-15750,2.2.0,Major
HIVE-15739,2.2.0,Minor
HIVE-15686,2.2.0,Major
HIVE-15685,2.2.0,Major
HIVE-15680,2.2.0,Major
HIVE-15679,2.2.0,Trivial
HIVE-15669,2.2.0,Major
HIVE-15667,2.2.0,Major
HIVE-15659,2.2.0,Major
HIVE-15656,2.2.0,Minor
HIVE-15655,2.2.0,Major
HIVE-15654,2.2.0,Major
HIVE-15651,2.2.0,Major
HIVE-15650,2.2.0,Major
HIVE-15648,2.2.0,Major
HIVE-15644,2.2.0,Major
HIVE-15639,2.2.0,Critical
HIVE-15637,2.2.0,Critical
HIVE-15636,2.2.0,Critical
HIVE-15635,2.2.0,Critical
HIVE-15634,2.2.0,Critical
HIVE-15633,2.2.0,Major
HIVE-15632,2.2.0,Critical
HIVE-15630,2.2.0,Minor
HIVE-15589,2.2.0,Major
HIVE-15583,2.2.0,Minor
HIVE-15576,2.2.0,Major
HIVE-15574,2.2.0,Minor
HIVE-15563,2.2.0,Minor
HIVE-15503,2.2.0,Critical
HIVE-15494,2.2.0,Minor
HIVE-15493,2.2.0,Critical
HIVE-15487,2.2.0,Major
HIVE-15484,2.2.0,Major
HIVE-15483,2.2.0,Minor
HIVE-15482,2.2.0,Critical
HIVE-15476,2.2.0,Minor
HIVE-15474,2.2.0,Major
HIVE-15472,2.2.0,Major
HIVE-15459,2.2.0,Major
HIVE-15445,2.2.0,Major
HIVE-15438,2.2.0,Major
HIVE-15421,2.2.0,Major
HIVE-15418,2.2.0,Major
HIVE-15417,2.2.0,Major
HIVE-15407,2.2.0,Major
HIVE-15403,2.2.0,Critical
HIVE-15378,2.2.0,Major
HIVE-15376,2.2.0,Major
HIVE-15369,2.2.0,Major
HIVE-15362,2.2.0,Major
HIVE-15361,2.2.0,Critical
HIVE-15355,2.2.0,Major
HIVE-15353,2.2.0,Major
HIVE-15347,2.2.0,Critical
HIVE-15327,2.2.0,Critical
HIVE-15318,2.2.0,Major
HIVE-15314,2.2.0,Major
HIVE-15306,2.2.0,Major
HIVE-15295,2.2.0,Minor
HIVE-15285,2.2.0,Major
HIVE-15283,2.2.0,Trivial
HIVE-15282,2.2.0,Major
HIVE-15275,2.2.0,Major
HIVE-15273,2.2.0,Minor
HIVE-15266,2.2.0,Major
HIVE-15257,2.2.0,Major
HIVE-15251,2.2.0,Major
HIVE-15233,2.2.0,Major
HIVE-15218,2.2.0,Major
HIVE-15214,2.2.0,Major
HIVE-15211,2.2.0,Major
HIVE-15209,2.2.0,Major
HIVE-15196,2.2.0,Major
HIVE-15190,2.2.0,Critical
HIVE-15186,2.2.0,Blocker
HIVE-15160,2.2.0,Major
HIVE-15143,2.2.0,Critical
HIVE-15137,2.2.0,Major
HIVE-15123,2.2.0,Major
HIVE-15102,2.2.0,Major
HIVE-15099,2.2.0,Major
HIVE-15091,2.2.0,Trivial
HIVE-15090,2.2.0,Major
HIVE-15065,2.2.0,Major
HIVE-15046,2.2.0,Major
HIVE-15037,2.2.0,Blocker
HIVE-15036,2.2.0,Blocker
HIVE-15024,2.2.0,Critical
HIVE-14991,2.2.0,Major
HIVE-14981,2.2.0,Critical
HIVE-14975,2.2.0,Major
HIVE-14924,2.2.0,Major
HIVE-14869,2.2.0,Major
HIVE-14843,2.2.0,Major
HIVE-14837,2.2.0,Major
HIVE-14831,2.2.0,Major
HIVE-14814,2.2.0,Major
HIVE-14783,2.2.0,Major
HIVE-14766,2.2.0,Major
HIVE-14751,2.2.0,Major
HIVE-14739,2.2.0,Major
HIVE-14727,2.2.0,Major
HIVE-14707,2.2.0,Major
HIVE-14694,2.2.0,Minor
HIVE-14678,2.2.0,Trivial
HIVE-14658,2.2.0,Minor
HIVE-14652,2.2.0,Blocker
HIVE-14648,2.2.0,Blocker
HIVE-14647,2.2.0,Major
HIVE-14624,2.2.0,Major
HIVE-14607,2.2.0,Critical
HIVE-14570,2.2.0,Major
HIVE-14567,2.2.0,Critical
HIVE-14566,2.2.0,Critical
HIVE-14556,2.2.0,Major
HIVE-14528,2.2.0,Major
HIVE-14516,2.2.0,Major
HIVE-14479,2.2.0,Major
HIVE-14448,2.2.0,Critical
HIVE-14447,2.2.0,Major
HIVE-14446,2.2.0,Major
HIVE-14435,2.2.0,Major
HIVE-14433,2.2.0,Major
HIVE-14420,2.2.0,Major
HIVE-14414,2.2.0,Major
HIVE-14402,2.2.0,Major
HIVE-14400,2.2.0,Major
HIVE-14397,2.2.0,Critical
HIVE-14384,2.2.0,Major
HIVE-14381,2.2.0,Major
HIVE-14363,2.2.0,Major
HIVE-14360,2.2.0,Minor
HIVE-14355,2.2.0,Critical
HIVE-14349,2.2.0,Major
HIVE-14346,2.2.0,Major
HIVE-14345,2.2.0,Minor
HIVE-14343,2.2.0,Major
HIVE-14339,2.2.0,Major
HIVE-14333,2.2.0,Critical
HIVE-14326,2.2.0,Critical
HIVE-14324,2.2.0,Critical
HIVE-14318,2.2.0,Major
HIVE-14313,2.2.0,Major
HIVE-14311,2.2.0,Major
HIVE-14310,2.2.0,Critical
HIVE-14307,2.2.0,Major
HIVE-14283,2.2.0,Major
HIVE-14278,2.2.0,Minor
HIVE-14268,2.2.0,Major
HIVE-14253,2.2.0,Major
HIVE-14223,2.2.0,Major
HIVE-14222,2.2.0,Major
HIVE-14215,2.2.0,Minor
HIVE-14197,2.2.0,Major
HIVE-14195,2.2.0,Minor
HIVE-14184,2.2.0,Major
HIVE-14178,2.2.0,Major
HIVE-14176,2.2.0,Major
HIVE-14155,2.2.0,Major
HIVE-14147,2.2.0,Critical
HIVE-14146,2.2.0,Major
HIVE-14142,2.2.0,Major
HIVE-14135,2.2.0,Major
HIVE-14127,2.2.0,Major
HIVE-14122,2.2.0,Critical
HIVE-14109,2.2.0,Major
HIVE-14092,2.2.0,Major
HIVE-14089,2.2.0,Major
HIVE-14083,2.2.0,Minor
HIVE-14079,2.2.0,Major
HIVE-14076,2.2.0,Major
HIVE-14066,2.2.0,Major
HIVE-14061,2.2.0,Major
HIVE-14060,2.2.0,Major
HIVE-14059,2.2.0,Minor
HIVE-14054,2.2.0,Major
HIVE-14027,2.2.0,Major
HIVE-14022,2.2.0,Major
HIVE-14013,2.2.0,Major
HIVE-14010,2.2.0,Major
HIVE-14007,2.2.0,Major
HIVE-13985,2.2.0,Major
HIVE-13974,2.2.0,Blocker
HIVE-13972,2.2.0,Blocker
HIVE-13967,2.2.0,Major
HIVE-13961,2.2.0,Blocker
HIVE-13954,2.2.0,Major
HIVE-13927,2.2.0,Major
HIVE-13924,2.2.0,Critical
HIVE-13904,2.2.0,Major
HIVE-13900,2.2.0,Major
HIVE-13856,2.2.0,Blocker
HIVE-13849,2.2.0,Critical
HIVE-13744,2.2.0,Major
HIVE-13665,2.2.0,Major
HIVE-13540,2.2.0,Major
HIVE-13000,2.2.0,Minor
HIVE-12734,2.2.0,Major
HIVE-23807,2.3.0,Major
HIVE-21873,2.3.0,Major
HIVE-21803,2.3.0,Major
HIVE-21185,2.3.0,Major
HIVE-21104,2.3.0,Major
HIVE-21066,2.3.0,Major
HIVE-21009,2.3.0,Major
HIVE-20210,2.3.0,Major
HIVE-19814,2.3.0,Major
HIVE-19638,2.3.0,Major
HIVE-19101,2.3.0,Major
HIVE-18278,2.3.0,Major
HIVE-18250,2.3.0,Major
HIVE-18050,2.3.0,Major
HIVE-18017,2.3.0,Major
HIVE-17985,2.3.0,Major
HIVE-17682,2.3.0,Critical
HIVE-17664,2.3.0,Major
HIVE-17620,2.3.0,Major
HIVE-17429,2.3.0,Major
HIVE-17406,2.3.0,Minor
HIVE-17395,2.3.0,Major
HIVE-17391,2.3.0,Major
HIVE-17150,2.3.0,Major
HIVE-17085,2.3.0,Major
HIVE-16958,2.3.0,Major
HIVE-16939,2.3.0,Major
HIVE-16756,2.3.0,Critical
HIVE-16577,2.3.0,Blocker
HIVE-16507,2.3.0,Major
HIVE-16491,2.3.0,Major
HIVE-16357,2.3.0,Minor
HIVE-16310,2.3.0,Major
HIVE-16301,2.3.0,Blocker
HIVE-15160,2.3.0,Major
HIVE-15077,2.3.0,Blocker
HIVE-21873,2.3.1,Major
HIVE-21009,2.3.1,Major
HIVE-20210,2.3.1,Major
HIVE-19839,2.3.1,Major
HIVE-19638,2.3.1,Major
HIVE-19101,2.3.1,Major
HIVE-18284,2.3.1,Major
HIVE-18177,2.3.1,Major
HIVE-18115,2.3.1,Minor
HIVE-17831,2.3.1,Major
HIVE-17429,2.3.1,Major
HIVE-16939,2.3.1,Major
HIVE-25382,2.3.2,Major
HIVE-22165,2.3.2,Major
HIVE-21873,2.3.2,Major
HIVE-21419,2.3.2,Major
HIVE-21081,2.3.2,Minor
HIVE-21009,2.3.2,Major
HIVE-20816,2.3.2,Minor
HIVE-20771,2.3.2,Minor
HIVE-20693,2.3.2,Major
HIVE-20659,2.3.2,Critical
HIVE-20574,2.3.2,Major
HIVE-20555,2.3.2,Major
HIVE-20318,2.3.2,Blocker
HIVE-20210,2.3.2,Major
HIVE-20153,2.3.2,Major
HIVE-20077,2.3.2,Major
HIVE-20039,2.3.2,Major
HIVE-19638,2.3.2,Major
HIVE-19585,2.3.2,Major
HIVE-19580,2.3.2,Major
HIVE-19393,2.3.2,Minor
HIVE-19388,2.3.2,Major
HIVE-19266,2.3.2,Major
HIVE-19247,2.3.2,Major
HIVE-19181,2.3.2,Major
HIVE-19101,2.3.2,Major
HIVE-19085,2.3.2,Minor
HIVE-18956,2.3.2,Trivial
HIVE-18943,2.3.2,Major
HIVE-18929,2.3.2,Minor
HIVE-18885,2.3.2,Major
HIVE-18786,2.3.2,Critical
HIVE-18779,2.3.2,Major
HIVE-18702,2.3.2,Major
HIVE-18624,2.3.2,Major
HIVE-18611,2.3.2,Major
HIVE-18529,2.3.2,Major
HIVE-18421,2.3.2,Major
HIVE-18284,2.3.2,Major
HIVE-18115,2.3.2,Minor
HIVE-17948,2.3.2,Major
HIVE-17928,2.3.2,Major
HIVE-17429,2.3.2,Major
HIVE-16939,2.3.2,Major
HIVE-16886,2.3.2,Major
HIVE-16708,2.3.2,Major
HIVE-21873,2.3.3,Major
HIVE-21081,2.3.3,Minor
HIVE-20441,2.3.3,Major
HIVE-20304,2.3.3,Major
HIVE-20036,2.3.3,Major
HIVE-19502,2.3.3,Blocker
HIVE-19295,2.3.3,Blocker
HIVE-19286,2.3.3,Blocker
HIVE-18888,2.3.3,Major
HIVE-18786,2.3.3,Critical
HIVE-18767,2.3.3,Major
HIVE-18707,2.3.3,Major
HIVE-16886,2.3.3,Major
HIVE-24915,2.3.4,Major
HIVE-24849,2.3.4,Major
HIVE-24467,2.3.4,Major
HIVE-24406,2.3.4,Major
HIVE-22008,2.3.4,Major
HIVE-21971,2.3.4,Critical
HIVE-21873,2.3.4,Major
HIVE-21614,2.3.4,Major
HIVE-21536,2.3.4,Major
HIVE-21508,2.3.4,Major
HIVE-21489,2.3.4,Major
HIVE-21374,2.3.4,Major
HIVE-21345,2.3.4,Major
HIVE-21200,2.3.4,Major
HIVE-21136,2.3.4,Major
HIVE-21111,2.3.4,Major
HIVE-16839,2.3.4,Major
HIVE-27631,2.3.5,Major
HIVE-22093,2.3.5,Major
HIVE-22054,2.3.5,Major
HIVE-22044,2.3.5,Trivial
HIVE-22033,2.3.5,Major
HIVE-21969,2.3.5,Major
HIVE-21873,2.3.5,Major
HIVE-21809,2.3.5,Major
HIVE-21786,2.3.5,Major
HIVE-21778,2.3.5,Major
HIVE-26209,2.3.6,Critical
HIVE-23086,2.3.6,Major
HIVE-22967,2.3.6,Minor
HIVE-22963,2.3.6,Major
HIVE-22670,2.3.6,Major
HIVE-22601,2.3.6,Major
HIVE-22480,2.3.6,Major
HIVE-22453,2.3.6,Minor
HIVE-22268,2.3.6,Major
HIVE-22190,2.3.6,Major
HIVE-27631,2.3.7,Major
HIVE-24608,2.3.7,Major
HIVE-24606,2.3.7,Major
HIVE-24579,2.3.7,Major
HIVE-24404,2.3.7,Major
HIVE-23980,2.3.7,Major
HIVE-23974,2.3.7,Major
HIVE-23704,2.3.7,Major
HIVE-22410,2.3.7,Major
HIVE-17155,2.3.7,Minor
HIVE-27140,2.3.8,Major
HIVE-26522,2.3.8,Major
HIVE-26184,2.3.8,Major
HIVE-26114,2.3.8,Major
HIVE-25561,2.3.8,Major
HIVE-24553,2.3.8,Blocker
HIVE-24551,2.3.8,Blocker
HIVE-24512,2.3.8,Major
HIVE-27960,2.3.9,Major
HIVE-27315,2.3.9,Major
HIVE-26872,2.3.9,Major
HIVE-26434,2.3.9,Major
HIVE-27675,3.1.0,Major
HIVE-26669,3.1.0,Critical
HIVE-26018,3.1.0,Major
HIVE-25659,3.1.0,Minor
HIVE-25600,3.1.0,Minor
HIVE-25443,3.1.0,Major
HIVE-25268,3.1.0,Major
HIVE-25219,3.1.0,Major
HIVE-25104,3.1.0,Major
HIVE-24944,3.1.0,Major
HIVE-24807,3.1.0,Major
HIVE-24636,3.1.0,Major
HIVE-24570,3.1.0,Major
HIVE-24288,3.1.0,Major
HIVE-24245,3.1.0,Critical
HIVE-24218,3.1.0,Critical
HIVE-24122,3.1.0,Major
HIVE-24101,3.1.0,Major
HIVE-24099,3.1.0,Major
HIVE-24094,3.1.0,Major
HIVE-23873,3.1.0,Critical
HIVE-23802,3.1.0,Major
HIVE-23717,3.1.0,Major
HIVE-23550,3.1.0,Major
HIVE-23452,3.1.0,Major
HIVE-23435,3.1.0,Major
HIVE-23347,3.1.0,Minor
HIVE-23339,3.1.0,Critical
HIVE-23265,3.1.0,Critical
HIVE-23230,3.1.0,Major
HIVE-23178,3.1.0,Major
HIVE-23058,3.1.0,Major
HIVE-23033,3.1.0,Major
HIVE-22769,3.1.0,Critical
HIVE-22758,3.1.0,Critical
HIVE-22710,3.1.0,Major
HIVE-22693,3.1.0,Major
HIVE-22687,3.1.0,Major
HIVE-22639,3.1.0,Major
HIVE-22633,3.1.0,Major
HIVE-22566,3.1.0,Minor
HIVE-22527,3.1.0,Blocker
HIVE-22420,3.1.0,Major
HIVE-22400,3.1.0,Minor
HIVE-22368,3.1.0,Major
HIVE-22325,3.1.0,Major
HIVE-22208,3.1.0,Critical
HIVE-22207,3.1.0,Major
HIVE-22178,3.1.0,Major
HIVE-22170,3.1.0,Major
HIVE-22134,3.1.0,Major
HIVE-22129,3.1.0,Major
HIVE-22121,3.1.0,Major
HIVE-22114,3.1.0,Major
HIVE-22056,3.1.0,Major
HIVE-21941,3.1.0,Major
HIVE-21938,3.1.0,Blocker
HIVE-21931,3.1.0,Major
HIVE-21917,3.1.0,Major
HIVE-21902,3.1.0,Major
HIVE-21831,3.1.0,Major
HIVE-21806,3.1.0,Major
HIVE-21702,3.1.0,Major
HIVE-21586,3.1.0,Major
HIVE-21540,3.1.0,Major
HIVE-21538,3.1.0,Major
HIVE-21501,3.1.0,Major
HIVE-21499,3.1.0,Major
HIVE-21436,3.1.0,Blocker
HIVE-21376,3.1.0,Major
HIVE-21367,3.1.0,Blocker
HIVE-21342,3.1.0,Major
HIVE-21263,3.1.0,Minor
HIVE-21194,3.1.0,Minor
HIVE-21144,3.1.0,Major
HIVE-21125,3.1.0,Major
HIVE-21074,3.1.0,Minor
HIVE-21061,3.1.0,Major
HIVE-21038,3.1.0,Minor
HIVE-21029,3.1.0,Critical
HIVE-21002,3.1.0,Major
HIVE-20872,3.1.0,Critical
HIVE-20858,3.1.0,Major
HIVE-20848,3.1.0,Major
HIVE-20792,3.1.0,Major
HIVE-20785,3.1.0,Major
HIVE-20771,3.1.0,Minor
HIVE-20751,3.1.0,Major
HIVE-20734,3.1.0,Major
HIVE-20714,3.1.0,Major
HIVE-20679,3.1.0,Major
HIVE-20673,3.1.0,Major
HIVE-20659,3.1.0,Critical
HIVE-20607,3.1.0,Major
HIVE-20599,3.1.0,Major
HIVE-20593,3.1.0,Major
HIVE-20586,3.1.0,Major
HIVE-20555,3.1.0,Major
HIVE-20507,3.1.0,Major
HIVE-20499,3.1.0,Major
HIVE-20478,3.1.0,Major
HIVE-20476,3.1.0,Major
HIVE-20462,3.1.0,Major
HIVE-20433,3.1.0,Major
HIVE-20372,3.1.0,Trivial
HIVE-20356,3.1.0,Major
HIVE-20343,3.1.0,Major
HIVE-20337,3.1.0,Major
HIVE-20318,3.1.0,Blocker
HIVE-20316,3.1.0,Major
HIVE-20290,3.1.0,Blocker
HIVE-20227,3.1.0,Major
HIVE-20209,3.1.0,Major
HIVE-20192,3.1.0,Major
HIVE-20187,3.1.0,Blocker
HIVE-20066,3.1.0,Major
HIVE-20059,3.1.0,Major
HIVE-20040,3.1.0,Major
HIVE-20004,3.1.0,Critical
HIVE-19984,3.1.0,Major
HIVE-19980,3.1.0,Major
HIVE-19964,3.1.0,Major
HIVE-19956,3.1.0,Major
HIVE-19935,3.1.0,Minor
HIVE-19907,3.1.0,Major
HIVE-19886,3.1.0,Major
HIVE-19884,3.1.0,Major
HIVE-19877,3.1.0,Major
HIVE-19876,3.1.0,Major
HIVE-19875,3.1.0,Major
HIVE-19873,3.1.0,Major
HIVE-19864,3.1.0,Major
HIVE-19857,3.1.0,Major
HIVE-19827,3.1.0,Major
HIVE-19817,3.1.0,Critical
HIVE-19801,3.1.0,Major
HIVE-19794,3.1.0,Major
HIVE-19773,3.1.0,Critical
HIVE-19772,3.1.0,Critical
HIVE-19726,3.1.0,Major
HIVE-19724,3.1.0,Major
HIVE-19698,3.1.0,Major
HIVE-19697,3.1.0,Major
HIVE-19677,3.1.0,Major
HIVE-19652,3.1.0,Major
HIVE-19632,3.1.0,Major
HIVE-19629,3.1.0,Major
HIVE-19614,3.1.0,Major
HIVE-19613,3.1.0,Major
HIVE-19588,3.1.0,Major
HIVE-19575,3.1.0,Major
HIVE-19568,3.1.0,Major
HIVE-19567,3.1.0,Major
HIVE-19485,3.1.0,Major
HIVE-19468,3.1.0,Major
HIVE-19389,3.1.0,Major
HIVE-19388,3.1.0,Major
HIVE-19385,3.1.0,Major
HIVE-19315,3.1.0,Major
HIVE-19277,3.1.0,Major
HIVE-19249,3.1.0,Major
HIVE-19199,3.1.0,Major
HIVE-19168,3.1.0,Major
HIVE-18874,3.1.0,Major
HIVE-18767,3.1.0,Major
HIVE-15190,3.1.0,Critical
HIVE-25924,3.1.1,Critical
HIVE-25923,3.1.1,Critical
HIVE-25730,3.1.1,Critical
HIVE-25672,3.1.1,Minor
HIVE-25662,3.1.1,Blocker
HIVE-25558,3.1.1,Minor
HIVE-25443,3.1.1,Major
HIVE-25268,3.1.1,Major
HIVE-25060,3.1.1,Major
HIVE-24964,3.1.1,Minor
HIVE-24848,3.1.1,Major
HIVE-23873,3.1.1,Critical
HIVE-23178,3.1.1,Major
HIVE-23033,3.1.1,Major
HIVE-22963,3.1.1,Major
HIVE-22633,3.1.1,Major
HIVE-22527,3.1.1,Blocker
HIVE-22522,3.1.1,Major
HIVE-22368,3.1.1,Major
HIVE-22325,3.1.1,Major
HIVE-22173,3.1.1,Critical
HIVE-22170,3.1.1,Major
HIVE-22113,3.1.1,Major
HIVE-22075,3.1.1,Major
HIVE-22056,3.1.1,Major
HIVE-22054,3.1.1,Major
HIVE-22009,3.1.1,Major
HIVE-21986,3.1.1,Major
HIVE-21966,3.1.1,Major
HIVE-21935,3.1.1,Major
HIVE-21927,3.1.1,Major
HIVE-21917,3.1.1,Major
HIVE-21901,3.1.1,Major
HIVE-21897,3.1.1,Major
HIVE-21896,3.1.1,Major
HIVE-21864,3.1.1,Major
HIVE-21831,3.1.1,Major
HIVE-21821,3.1.1,Major
HIVE-21808,3.1.1,Major
HIVE-21791,3.1.1,Major
HIVE-21786,3.1.1,Major
HIVE-21768,3.1.1,Major
HIVE-21758,3.1.1,Major
HIVE-21756,3.1.1,Major
HIVE-21755,3.1.1,Major
HIVE-21742,3.1.1,Major
HIVE-21741,3.1.1,Major
HIVE-21698,3.1.1,Major
HIVE-21686,3.1.1,Major
HIVE-21675,3.1.1,Critical
HIVE-21660,3.1.1,Major
HIVE-21641,3.1.1,Major
HIVE-21631,3.1.1,Major
HIVE-21540,3.1.1,Major
HIVE-21531,3.1.1,Critical
HIVE-21517,3.1.1,Major
HIVE-21516,3.1.1,Major
HIVE-21513,3.1.1,Major
HIVE-21507,3.1.1,Critical
HIVE-21493,3.1.1,Trivial
HIVE-21487,3.1.1,Major
HIVE-21460,3.1.1,Blocker
HIVE-21397,3.1.1,Blocker
HIVE-21345,3.1.1,Major
HIVE-21280,3.1.1,Major
HIVE-21257,3.1.1,Major
HIVE-21218,3.1.1,Major
HIVE-21167,3.1.1,Major
HIVE-21164,3.1.1,Major
HIVE-21111,3.1.1,Major
HIVE-21074,3.1.1,Minor
HIVE-21052,3.1.1,Critical
HIVE-21039,3.1.1,Major
HIVE-21029,3.1.1,Critical
HIVE-21002,3.1.1,Major
HIVE-20979,3.1.1,Critical
HIVE-20951,3.1.1,Major
HIVE-20935,3.1.1,Major
HIVE-20899,3.1.1,Major
HIVE-20872,3.1.1,Critical
HIVE-20318,3.1.1,Blocker
HIVE-18284,3.1.1,Major
HIVE-14737,3.1.1,Major
HIVE-28217,3.1.2,Major
HIVE-27649,3.1.2,Major
HIVE-27350,3.1.2,Blocker
HIVE-27315,3.1.2,Major
HIVE-27140,3.1.2,Major
HIVE-26872,3.1.2,Major
HIVE-26664,3.1.2,Minor
HIVE-26663,3.1.2,Minor
HIVE-26568,3.1.2,Major
HIVE-26530,3.1.2,Major
HIVE-26232,3.1.2,Minor
HIVE-26114,3.1.2,Major
HIVE-26036,3.1.2,Minor
HIVE-25991,3.1.2,Major
HIVE-25912,3.1.2,Major
HIVE-25876,3.1.2,Blocker
HIVE-25844,3.1.2,Major
HIVE-25839,3.1.2,Major
HIVE-25797,3.1.2,Major
HIVE-25795,3.1.2,Critical
HIVE-25777,3.1.2,Major
HIVE-25662,3.1.2,Blocker
HIVE-25646,3.1.2,Major
HIVE-25626,3.1.2,Major
HIVE-25600,3.1.2,Minor
HIVE-25577,3.1.2,Minor
HIVE-25499,3.1.2,Major
HIVE-25458,3.1.2,Minor
HIVE-25443,3.1.2,Major
HIVE-25416,3.1.2,Major
HIVE-25299,3.1.2,Major
HIVE-25298,3.1.2,Major
HIVE-25268,3.1.2,Major
HIVE-25170,3.1.2,Major
HIVE-25156,3.1.2,Major
HIVE-25093,3.1.2,Minor
HIVE-25041,3.1.2,Blocker
HIVE-24964,3.1.2,Minor
HIVE-24949,3.1.2,Major
HIVE-24902,3.1.2,Major
HIVE-24851,3.1.2,Major
HIVE-24849,3.1.2,Major
HIVE-24689,3.1.2,Major
HIVE-24653,3.1.2,Minor
HIVE-24606,3.1.2,Major
HIVE-24579,3.1.2,Major
HIVE-24573,3.1.2,Blocker
HIVE-24517,3.1.2,Blocker
HIVE-24467,3.1.2,Major
HIVE-24342,3.1.2,Major
HIVE-24319,3.1.2,Blocker
HIVE-24245,3.1.2,Critical
HIVE-24193,3.1.2,Major
HIVE-24122,3.1.2,Major
HIVE-24113,3.1.2,Major
HIVE-24083,3.1.2,Minor
HIVE-24020,3.1.2,Major
HIVE-23873,3.1.2,Critical
HIVE-23872,3.1.2,Blocker
HIVE-23719,3.1.2,Minor
HIVE-23704,3.1.2,Major
HIVE-23583,3.1.2,Major
HIVE-23498,3.1.2,Major
HIVE-23265,3.1.2,Critical
HIVE-23178,3.1.2,Major
HIVE-23129,3.1.2,Major
HIVE-23128,3.1.2,Major
HIVE-23088,3.1.2,Major
HIVE-23033,3.1.2,Major
HIVE-22967,3.1.2,Minor
HIVE-22948,3.1.2,Major
HIVE-22905,3.1.2,Major
HIVE-22901,3.1.2,Major
HIVE-22807,3.1.2,Major
HIVE-22712,3.1.2,Major
HIVE-22710,3.1.2,Major
HIVE-22670,3.1.2,Major
HIVE-22601,3.1.2,Major
HIVE-22578,3.1.2,Major
HIVE-22461,3.1.2,Major
HIVE-22453,3.1.2,Minor
HIVE-22410,3.1.2,Major
HIVE-22408,3.1.2,Major
HIVE-22407,3.1.2,Major
HIVE-22393,3.1.2,Major
HIVE-22373,3.1.2,Major
HIVE-22344,3.1.2,Blocker
HIVE-22325,3.1.2,Major
HIVE-22301,3.1.2,Major
HIVE-22268,3.1.2,Major
HIVE-22255,3.1.2,Major
HIVE-22196,3.1.2,Major
HIVE-22190,3.1.2,Major
HIVE-22170,3.1.2,Major
HIVE-22162,3.1.2,Major
HIVE-22161,3.1.2,Major
HIVE-21829,3.1.2,Critical
HIVE-21753,3.1.2,Critical
HIVE-21489,3.1.2,Major
HIVE-18284,3.1.2,Major
HIVE-28360,3.1.3,Major
HIVE-28347,3.1.3,Minor
HIVE-28262,3.1.3,Major
HIVE-27792,3.1.3,Major
HIVE-27658,3.1.3,Major
HIVE-27631,3.1.3,Major
HIVE-27480,3.1.3,Major
HIVE-27439,3.1.3,Minor
HIVE-27357,3.1.3,Major
HIVE-27344,3.1.3,Major
HIVE-27324,3.1.3,Major
HIVE-27268,3.1.3,Minor
HIVE-26863,3.1.3,Major
HIVE-26819,3.1.3,Minor
HIVE-26775,3.1.3,Major
HIVE-26522,3.1.3,Major
HIVE-26396,3.1.3,Blocker
HIVE-26374,3.1.3,Major
HIVE-26197,3.1.3,Major
HIVE-26184,3.1.3,Major
HIVE-24404,3.1.3,Major
HIVE-24316,3.1.3,Major
HIVE-21375,3.1.3,Minor
HIVE-20067,3.1.3,Major
HIVE-20038,3.1.3,Major
HIVE-28515,4.0.0,Major
HIVE-28487,4.0.0,Minor
HIVE-28451,4.0.0,Major
HIVE-28439,4.0.0,Major
HIVE-28426,4.0.0,Minor
HIVE-28366,4.0.0,Major
HIVE-28353,4.0.0,Major
HIVE-28347,4.0.0,Minor
HIVE-28330,4.0.0,Major
HIVE-28285,4.0.0,Major
HIVE-28278,4.0.0,Major
HIVE-28277,4.0.0,Major
HIVE-28266,4.0.0,Major
HIVE-28264,4.0.0,Major
HIVE-28239,4.0.0,Major
HIVE-28207,4.0.0,Major
HIVE-28202,4.0.0,Critical
HIVE-28190,4.0.0,Critical
HIVE-28173,4.0.0,Major
HIVE-28166,4.0.0,Critical
HIVE-28143,4.0.0,Major
HIVE-28123,4.0.0,Major
HIVE-28121,4.0.0,Major
HIVE-28009,4.0.0,Major
HIVE-28006,4.0.0,Major
HIVE-27801,4.0.0,Critical
HIVE-27649,4.0.0,Major
HIVE-27071,4.0.0,Major
HIVE-27063,4.0.0,Major
HIVE-26911,4.0.0,Major
HIVE-26778,4.0.0,Major
HIVE-26767,4.0.0,Minor
HIVE-26508,4.0.0,Major
HIVE-26415,4.0.0,Major
HIVE-26339,4.0.0,Major
HIVE-26268,4.0.0,Trivial
HIVE-26197,4.0.0,Major
HIVE-26158,4.0.0,Major
HIVE-26036,4.0.0,Minor
HIVE-26018,4.0.0,Major
HIVE-26017,4.0.0,Major
HIVE-25986,4.0.0,Major
HIVE-25978,4.0.0,Minor
HIVE-25973,4.0.0,Major
HIVE-25964,4.0.0,Major
HIVE-25957,4.0.0,Major
HIVE-25926,4.0.0,Minor
HIVE-25917,4.0.0,Trivial
HIVE-25914,4.0.0,Minor
HIVE-25912,4.0.0,Major
HIVE-25907,4.0.0,Major
HIVE-25905,4.0.0,Major
HIVE-25853,4.0.0,Major
HIVE-25825,4.0.0,Major
HIVE-25811,4.0.0,Major
HIVE-25803,4.0.0,Critical
HIVE-25802,4.0.0,Major
HIVE-25795,4.0.0,Critical
HIVE-25777,4.0.0,Major
HIVE-25774,4.0.0,Major
HIVE-25766,4.0.0,Major
HIVE-25758,4.0.0,Major
HIVE-25757,4.0.0,Major
HIVE-25749,4.0.0,Major
HIVE-25746,4.0.0,Minor
HIVE-25734,4.0.0,Major
HIVE-25716,4.0.0,Major
HIVE-25675,4.0.0,Major
HIVE-25659,4.0.0,Minor
HIVE-25646,4.0.0,Major
HIVE-25626,4.0.0,Major
HIVE-25621,4.0.0,Major
HIVE-25605,4.0.0,Major
HIVE-25582,4.0.0,Major
HIVE-25577,4.0.0,Minor
HIVE-25570,4.0.0,Major
HIVE-25547,4.0.0,Major
HIVE-25538,4.0.0,Critical
HIVE-25530,4.0.0,Major
HIVE-25408,4.0.0,Major
HIVE-25386,4.0.0,Blocker
HIVE-25384,4.0.0,Major
HIVE-25316,4.0.0,Major
HIVE-25299,4.0.0,Major
HIVE-25268,4.0.0,Major
HIVE-25242,4.0.0,Major
HIVE-25188,4.0.0,Major
HIVE-25163,4.0.0,Major
HIVE-25150,4.0.0,Major
HIVE-25117,4.0.0,Major
HIVE-25009,4.0.0,Major
HIVE-24957,4.0.0,Major
HIVE-24951,4.0.0,Major
HIVE-24944,4.0.0,Major
HIVE-24928,4.0.0,Major
HIVE-24902,4.0.0,Major
HIVE-24898,4.0.0,Major
HIVE-24882,4.0.0,Major
HIVE-24876,4.0.0,Major
HIVE-24851,4.0.0,Major
HIVE-24849,4.0.0,Major
HIVE-24809,4.0.0,Major
HIVE-24803,4.0.0,Major
HIVE-24786,4.0.0,Major
HIVE-24751,4.0.0,Major
HIVE-24691,4.0.0,Minor
HIVE-24606,4.0.0,Major
HIVE-24579,4.0.0,Major
HIVE-24570,4.0.0,Major
HIVE-24550,4.0.0,Major
HIVE-24530,4.0.0,Major
HIVE-24523,4.0.0,Major
HIVE-24514,4.0.0,Major
HIVE-24501,4.0.0,Major
HIVE-24446,4.0.0,Major
HIVE-24345,4.0.0,Major
HIVE-24322,4.0.0,Major
HIVE-24293,4.0.0,Major
HIVE-24256,4.0.0,Major
HIVE-24213,4.0.0,Minor
HIVE-24198,4.0.0,Major
HIVE-24165,4.0.0,Major
HIVE-24147,4.0.0,Major
HIVE-24097,4.0.0,Minor
HIVE-24070,4.0.0,Major
HIVE-24068,4.0.0,Major
HIVE-24030,4.0.0,Major
HIVE-24020,4.0.0,Major
HIVE-23968,4.0.0,Major
HIVE-23962,4.0.0,Major
HIVE-23925,4.0.0,Major
HIVE-23887,4.0.0,Minor
HIVE-23851,4.0.0,Major
HIVE-23763,4.0.0,Major
HIVE-23752,4.0.0,Major
HIVE-23582,4.0.0,Major
HIVE-23580,4.0.0,Major
HIVE-23442,4.0.0,Major
HIVE-23423,4.0.0,Major
HIVE-23408,4.0.0,Major
HIVE-23358,4.0.0,Minor
HIVE-23345,4.0.0,Major
HIVE-23339,4.0.0,Critical
HIVE-22988,4.0.0,Major
HIVE-22982,4.0.0,Major
HIVE-22961,4.0.0,Major
HIVE-22955,4.0.0,Major
HIVE-22951,4.0.0,Major
HIVE-22950,4.0.0,Major
HIVE-22948,4.0.0,Major
HIVE-22903,4.0.0,Major
HIVE-22898,4.0.0,Major
HIVE-22880,4.0.0,Blocker
HIVE-22877,4.0.0,Major
HIVE-22853,4.0.0,Major
HIVE-22826,4.0.0,Major
HIVE-22824,4.0.0,Major
HIVE-22739,4.0.0,Major
HIVE-22708,4.0.0,Major
HIVE-22663,4.0.0,Major
HIVE-22636,4.0.0,Blocker
HIVE-22633,4.0.0,Major
HIVE-22555,4.0.0,Major
HIVE-22546,4.0.0,Major
HIVE-22544,4.0.0,Minor
HIVE-22537,4.0.0,Major
HIVE-22514,4.0.0,Major
HIVE-22407,4.0.0,Major
HIVE-22375,4.0.0,Minor
HIVE-22368,4.0.0,Major
HIVE-22360,4.0.0,Major
HIVE-22351,4.0.0,Major
HIVE-22336,4.0.0,Major
HIVE-22317,4.0.0,Major
HIVE-22313,4.0.0,Major
HIVE-22290,4.0.0,Major
HIVE-22227,4.0.0,Major
HIVE-22208,4.0.0,Critical
HIVE-22197,4.0.0,Major
HIVE-22170,4.0.0,Major
HIVE-22164,4.0.0,Major
HIVE-22161,4.0.0,Major
HIVE-22124,4.0.0,Major
HIVE-22121,4.0.0,Major
HIVE-22120,4.0.0,Major
HIVE-22110,4.0.0,Major
HIVE-22109,4.0.0,Major
HIVE-22107,4.0.0,Major
HIVE-22080,4.0.0,Minor
HIVE-22076,4.0.0,Minor
HIVE-22075,4.0.0,Major
HIVE-22056,4.0.0,Major
HIVE-22045,4.0.0,Major
HIVE-22009,4.0.0,Major
HIVE-22008,4.0.0,Major
HIVE-22007,4.0.0,Major
HIVE-21992,4.0.0,Major
HIVE-21976,4.0.0,Minor
HIVE-21970,4.0.0,Major
HIVE-21957,4.0.0,Major
HIVE-21951,4.0.0,Major
HIVE-21925,4.0.0,Major
HIVE-21913,4.0.0,Major
HIVE-21892,4.0.0,Major
HIVE-21880,4.0.0,Major
HIVE-21879,4.0.0,Major
HIVE-21862,4.0.0,Major
HIVE-21825,4.0.0,Major
HIVE-21811,4.0.0,Major
HIVE-21786,4.0.0,Major
HIVE-21778,4.0.0,Major
HIVE-21776,4.0.0,Major
HIVE-21768,4.0.0,Major
HIVE-21750,4.0.0,Critical
HIVE-21730,4.0.0,Major
HIVE-21729,4.0.0,Major
HIVE-21722,4.0.0,Major
HIVE-21717,4.0.0,Major
HIVE-21711,4.0.0,Major
HIVE-21706,4.0.0,Major
HIVE-21700,4.0.0,Major
HIVE-21694,4.0.0,Major
HIVE-21677,4.0.0,Major
HIVE-21669,4.0.0,Major
HIVE-21654,4.0.0,Major
HIVE-21632,4.0.0,Minor
HIVE-21624,4.0.0,Major
HIVE-21597,4.0.0,Major
HIVE-21594,4.0.0,Minor
HIVE-21591,4.0.0,Major
HIVE-21582,4.0.0,Major
HIVE-21564,4.0.0,Major
HIVE-21539,4.0.0,Major
HIVE-21531,4.0.0,Critical
HIVE-21513,4.0.0,Major
HIVE-21497,4.0.0,Major
HIVE-21496,4.0.0,Major
HIVE-21482,4.0.0,Major
HIVE-21471,4.0.0,Major
HIVE-21460,4.0.0,Blocker
HIVE-21450,4.0.0,Major
HIVE-21446,4.0.0,Major
HIVE-21437,4.0.0,Major
HIVE-21421,4.0.0,Major
HIVE-21415,4.0.0,Major
HIVE-21407,4.0.0,Major
HIVE-21403,4.0.0,Minor
HIVE-21402,4.0.0,Major
HIVE-21400,4.0.0,Major
HIVE-21391,4.0.0,Major
HIVE-21390,4.0.0,Major
HIVE-21387,4.0.0,Critical
HIVE-21344,4.0.0,Major
HIVE-21343,4.0.0,Major
HIVE-21340,4.0.0,Major
HIVE-21339,4.0.0,Major
HIVE-21327,4.0.0,Major
HIVE-21325,4.0.0,Major
HIVE-21320,4.0.0,Major
HIVE-21307,4.0.0,Major
HIVE-21306,4.0.0,Major
HIVE-21301,4.0.0,Major
HIVE-21293,4.0.0,Major
HIVE-21286,4.0.0,Major
HIVE-21284,4.0.0,Major
HIVE-21281,4.0.0,Major
HIVE-21269,4.0.0,Major
HIVE-21261,4.0.0,Major
HIVE-21260,4.0.0,Major
HIVE-21257,4.0.0,Major
HIVE-21254,4.0.0,Major
HIVE-21244,4.0.0,Major
HIVE-21235,4.0.0,Major
HIVE-21233,4.0.0,Trivial
HIVE-21232,4.0.0,Major
HIVE-21227,4.0.0,Major
HIVE-21223,4.0.0,Major
HIVE-21222,4.0.0,Major
HIVE-21212,4.0.0,Major
HIVE-21206,4.0.0,Major
HIVE-21186,4.0.0,Major
HIVE-21132,4.0.0,Major
HIVE-21114,4.0.0,Major
HIVE-21104,4.0.0,Major
HIVE-21103,4.0.0,Critical
HIVE-21086,4.0.0,Major
HIVE-21036,4.0.0,Major
HIVE-21035,4.0.0,Major
HIVE-21022,4.0.0,Major
HIVE-21019,4.0.0,Major
HIVE-20989,4.0.0,Major
HIVE-20988,4.0.0,Major
HIVE-20969,4.0.0,Major
HIVE-20955,4.0.0,Major
HIVE-20953,4.0.0,Major
HIVE-20951,4.0.0,Major
HIVE-20948,4.0.0,Major
HIVE-20926,4.0.0,Major
HIVE-20916,4.0.0,Minor
HIVE-20915,4.0.0,Major
HIVE-20911,4.0.0,Critical
HIVE-20910,4.0.0,Major
HIVE-20905,4.0.0,Major
HIVE-20901,4.0.0,Major
HIVE-20870,4.0.0,Major
HIVE-20842,4.0.0,Major
HIVE-20841,4.0.0,Major
HIVE-20833,4.0.0,Major
HIVE-20817,4.0.0,Major
HIVE-20806,4.0.0,Trivial
HIVE-20805,4.0.0,Major
HIVE-20801,4.0.0,Major
HIVE-20762,4.0.0,Minor
HIVE-20761,4.0.0,Minor
HIVE-20757,4.0.0,Major
HIVE-20742,4.0.0,Major
HIVE-20719,4.0.0,Major
HIVE-20682,4.0.0,Major
HIVE-20680,4.0.0,Major
HIVE-20678,4.0.0,Major
HIVE-20676,4.0.0,Major
HIVE-20656,4.0.0,Major
HIVE-20649,4.0.0,Major
HIVE-20648,4.0.0,Major
HIVE-20636,4.0.0,Major
HIVE-20632,4.0.0,Major
HIVE-20631,4.0.0,Major
HIVE-20629,4.0.0,Major
HIVE-20627,4.0.0,Major
HIVE-20621,4.0.0,Major
HIVE-20612,4.0.0,Major
HIVE-20610,4.0.0,Major
HIVE-20607,4.0.0,Major
HIVE-20601,4.0.0,Major
HIVE-20595,4.0.0,Blocker
HIVE-20583,4.0.0,Major
HIVE-20582,4.0.0,Major
HIVE-20577,4.0.0,Major
HIVE-20563,4.0.0,Major
HIVE-20561,4.0.0,Major
HIVE-20544,4.0.0,Major
HIVE-20542,4.0.0,Minor
HIVE-20541,4.0.0,Major
HIVE-20511,4.0.0,Major
HIVE-20505,4.0.0,Critical
HIVE-20472,4.0.0,Trivial
HIVE-20470,4.0.0,Minor
HIVE-20451,4.0.0,Major
HIVE-20394,4.0.0,Major
HIVE-20385,4.0.0,Minor
HIVE-20361,4.0.0,Minor
HIVE-20347,4.0.0,Major
HIVE-20281,4.0.0,Critical
HIVE-20277,4.0.0,Major
HIVE-20274,4.0.0,Major
HIVE-20258,4.0.0,Minor
HIVE-20226,4.0.0,Major
HIVE-20209,4.0.0,Major
HIVE-20192,4.0.0,Major
HIVE-20179,4.0.0,Major
HIVE-20168,4.0.0,Minor
HIVE-20165,4.0.0,Major
HIVE-20147,4.0.0,Major
HIVE-20129,4.0.0,Major
HIVE-20126,4.0.0,Critical
HIVE-20116,4.0.0,Major
HIVE-20103,4.0.0,Major
HIVE-20101,4.0.0,Major
HIVE-20098,4.0.0,Major
HIVE-20074,4.0.0,Major
HIVE-20066,4.0.0,Major
HIVE-20059,4.0.0,Major
HIVE-20038,4.0.0,Major
HIVE-20028,4.0.0,Major
HIVE-20016,4.0.0,Major
HIVE-20004,4.0.0,Critical
HIVE-19980,4.0.0,Major
HIVE-19964,4.0.0,Major
HIVE-19956,4.0.0,Major
HIVE-19907,4.0.0,Major
HIVE-19903,4.0.0,Major
HIVE-19887,4.0.0,Major
HIVE-19886,4.0.0,Major
HIVE-19877,4.0.0,Major
HIVE-19876,4.0.0,Major
HIVE-19875,4.0.0,Major
HIVE-19873,4.0.0,Major
HIVE-19864,4.0.0,Major
HIVE-19817,4.0.0,Critical
HIVE-19814,4.0.0,Major
HIVE-19794,4.0.0,Major
HIVE-19792,4.0.0,Major
HIVE-19773,4.0.0,Critical
HIVE-19772,4.0.0,Critical
HIVE-19726,4.0.0,Major
HIVE-19701,4.0.0,Major
HIVE-19664,4.0.0,Major
HIVE-18871,4.0.0,Major
HIVE-18767,4.0.0,Major
HIVE-18284,4.0.0,Major
HIVE-15406,4.0.0,Critical
HIVE-15190,4.0.0,Critical
